-- MySQL dump 10.13  Distrib 8.0.43, for Linux (x86_64)
--
-- Host: localhost    Database: barberia_db
-- ------------------------------------------------------
-- Server version	8.0.43

/*!40101 SET @OLD_CHARACTER_SET_CLIENT=@@CHARACTER_SET_CLIENT */;
/*!40101 SET @OLD_CHARACTER_SET_RESULTS=@@CHARACTER_SET_RESULTS */;
/*!40101 SET @OLD_COLLATION_CONNECTION=@@COLLATION_CONNECTION */;
/*!50503 SET NAMES utf8mb4 */;
/*!40103 SET @OLD_TIME_ZONE=@@TIME_ZONE */;
/*!40103 SET TIME_ZONE='+00:00' */;
/*!40014 SET @OLD_UNIQUE_CHECKS=@@UNIQUE_CHECKS, UNIQUE_CHECKS=0 */;
/*!40014 SET @OLD_FOREIGN_KEY_CHECKS=@@FOREIGN_KEY_CHECKS, FOREIGN_KEY_CHECKS=0 */;
/*!40101 SET @OLD_SQL_MODE=@@SQL_MODE, SQL_MODE='NO_AUTO_VALUE_ON_ZERO' */;
/*!40111 SET @OLD_SQL_NOTES=@@SQL_NOTES, SQL_NOTES=0 */;

--
-- Current Database: `barberia_db`
--

CREATE DATABASE /*!32312 IF NOT EXISTS*/ `barberia_db` /*!40100 DEFAULT CHARACTER SET utf8mb4 COLLATE utf8mb4_0900_ai_ci */ /*!80016 DEFAULT ENCRYPTION='N' */;

USE `barberia_db`;

--
-- Dumping data for table `administradores`
--

LOCK TABLES `administradores` WRITE;
/*!40000 ALTER TABLE `administradores` DISABLE KEYS */;
INSERT INTO `administradores` (`id_administrador`, `email`, `password_hash`, `nombre`, `apellido`, `telefono`, `dni`, `nivel_acceso`, `permisos_especiales`, `estado`, `fecha_registro`, `ultimo_acceso`) VALUES (1,'admin1@barberia.com','$2y$10$hash1','Carlos','Rodríguez','70001001','12345001','super_admin',NULL,'activo','2025-09-18 08:32:26',NULL),(2,'admin2@barberia.com','$2y$10$hash2','María','González','70001002','12345002','completo',NULL,'activo','2025-09-18 08:32:26',NULL),(3,'admin3@barberia.com','$2y$10$hash3','Juan','López','70001003','12345003','limitado',NULL,'activo','2025-09-18 08:32:26',NULL),(4,'admin4@barberia.com','$2y$10$hash4','Ana','Martínez','70001004','12345004','completo',NULL,'activo','2025-09-18 08:32:26',NULL),(5,'admin5@barberia.com','$2y$10$hash5','Pedro','Sánchez','70001005','12345005','limitado',NULL,'activo','2025-09-18 08:32:26',NULL),(6,'admin6@barberia.com','$2y$10$hash6','Laura','Fernández','70001006','12345006','completo',NULL,'activo','2025-09-18 08:32:26',NULL),(7,'admin7@barberia.com','$2y$10$hash7','Miguel','Torres','70001007','12345007','limitado',NULL,'activo','2025-09-18 08:32:26',NULL),(8,'admin8@barberia.com','$2y$10$hash8','Carmen','Ruiz','70001008','12345008','completo',NULL,'activo','2025-09-18 08:32:26',NULL),(9,'admin9@barberia.com','$2y$10$hash9','José','Morales','70001009','12345009','limitado',NULL,'activo','2025-09-18 08:32:26',NULL),(10,'admin10@barberia.com','$2y$10$hash10','Elena','Jiménez','70001010','12345010','completo',NULL,'activo','2025-09-18 08:32:26',NULL),(11,'admin11@barberia.com','$2y$10$hash11','Roberto','Vargas','70001011','12345011','limitado',NULL,'activo','2025-09-18 08:32:26',NULL),(12,'admin12@barberia.com','$2y$10$hash12','Patricia','Herrera','70001012','12345012','completo',NULL,'activo','2025-09-18 08:32:26',NULL),(13,'admin13@barberia.com','$2y$10$hash13','Fernando','Castro','70001013','12345013','limitado',NULL,'activo','2025-09-18 08:32:26',NULL),(14,'admin14@barberia.com','$2y$10$hash14','Silvia','Mendoza','70001014','12345014','completo',NULL,'activo','2025-09-18 08:32:26',NULL),(15,'admin15@barberia.com','$2y$10$hash15','Ricardo','Paredes','70001015','12345015','limitado',NULL,'activo','2025-09-18 08:32:26',NULL),(16,'admin16@barberia.com','$2y$10$hash16','Mónica','Gutiérrez','70001016','12345016','completo',NULL,'activo','2025-09-18 08:32:26',NULL),(17,'admin17@barberia.com','$2y$10$hash17','Andrés','Ramírez','70001017','12345017','limitado',NULL,'activo','2025-09-18 08:32:26',NULL),(18,'admin18@barberia.com','$2y$10$hash18','Gabriela','Flores','70001018','12345018','completo',NULL,'activo','2025-09-18 08:32:26',NULL),(19,'admin19@barberia.com','$2y$10$hash19','Diego','Salazar','70001019','12345019','limitado',NULL,'activo','2025-09-18 08:32:26',NULL),(20,'admin20@barberia.com','$2y$10$hash20','Valeria','Ortega','70001020','12345020','completo',NULL,'activo','2025-09-18 08:32:26',NULL);
/*!40000 ALTER TABLE `administradores` ENABLE KEYS */;
UNLOCK TABLES;

--
-- Dumping data for table `barberias`
--

LOCK TABLES `barberias` WRITE;
/*!40000 ALTER TABLE `barberias` DISABLE KEYS */;
INSERT INTO `barberias` (`id_barberia`, `id_administrador`, `nombre`, `direccion`, `telefono`, `email`, `horario_apertura`, `horario_cierre`, `latitud`, `longitud`, `estado`, `fecha_registro`) VALUES (1,1,'Barbería Central','Av. Heroínas 123, Cochabamba','4-4123001','central@barberia.com','08:00:00','19:00:00',-17.38950000,-66.15680000,'activo','2025-09-18 08:32:26'),(2,2,'Barbería Norte','Av. América 456, Cochabamba','4-4123002','norte@barberia.com','08:30:00','18:30:00',-17.37120000,-66.16250000,'activo','2025-09-18 08:32:26'),(3,3,'Barbería Sur','Av. Blanco Galindo 789, Cochabamba','4-4123003','sur@barberia.com','09:00:00','20:00:00',-17.41230000,-66.14560000,'activo','2025-09-18 08:32:26'),(4,4,'Barbería Este','Av. Circunvalación 321, Cochabamba','4-4123004','este@barberia.com','08:00:00','18:00:00',-17.38560000,-66.12340000,'activo','2025-09-18 08:32:26'),(5,5,'Barbería Oeste','Av. Petrolera 654, Cochabamba','4-4123005','oeste@barberia.com','09:00:00','19:00:00',-17.39450000,-66.17890000,'activo','2025-09-18 08:32:26'),(6,6,'Barbería Plaza','Plaza Colón 987, Cochabamba','4-4123006','plaza@barberia.com','08:30:00','18:30:00',-17.38890000,-66.15780000,'activo','2025-09-18 08:32:26'),(7,7,'Barbería Moderna','Av. Ayacucho 147, Cochabamba','4-4123007','moderna@barberia.com','08:00:00','19:30:00',-17.39120000,-66.15340000,'activo','2025-09-18 08:32:26'),(8,8,'Barbería Clásica','Calle España 258, Cochabamba','4-4123008','clasica@barberia.com','09:00:00','18:00:00',-17.38760000,-66.16120000,'activo','2025-09-18 08:32:26'),(9,9,'Barbería Premium','Av. Oquendo 369, Cochabamba','4-4123009','premium@barberia.com','08:00:00','20:00:00',-17.38340000,-66.14450000,'activo','2025-09-18 08:32:26'),(10,10,'Barbería Express','Av. Aroma 741, Cochabamba','4-4123010','express@barberia.com','07:30:00','19:00:00',-17.39670000,-66.16230000,'activo','2025-09-18 08:32:26'),(11,11,'Barbería Elegante','Calle Bolívar 852, Cochabamba','4-4123011','elegante@barberia.com','08:30:00','18:30:00',-17.38230000,-66.15670000,'activo','2025-09-18 08:32:26'),(12,12,'Barbería Tradicional','Av. San Martín 963, Cochabamba','4-4123012','tradicional@barberia.com','09:00:00','19:00:00',-17.39450000,-66.14890000,'activo','2025-09-18 08:32:26'),(13,13,'Barbería Juvenil','Calle Sucre 159, Cochabamba','4-4123013','juvenil@barberia.com','08:00:00','18:00:00',-17.38910000,-66.16340000,'activo','2025-09-18 08:32:26'),(14,14,'Barbería VIP','Av. Ballivián 357, Cochabamba','4-4123014','vip@barberia.com','08:30:00','20:00:00',-17.37780000,-66.15120000,'activo','2025-09-18 08:32:26'),(15,15,'Barbería Rápida','Calle Jordán 468, Cochabamba','4-4123015','rapida@barberia.com','07:00:00','19:00:00',-17.39120000,-66.16780000,'activo','2025-09-18 08:32:26'),(16,16,'Barbería Stylish','Av. Pando 579, Cochabamba','4-4123016','stylish@barberia.com','08:00:00','18:30:00',-17.38450000,-66.15340000,'activo','2025-09-18 08:32:26'),(17,17,'Barbería Popular','Calle Antezana 681, Cochabamba','4-4123017','popular@barberia.com','08:30:00','19:30:00',-17.39230000,-66.16010000,'activo','2025-09-18 08:32:26'),(18,18,'Barbería Profesional','Av. 6 de Agosto 792, Cochabamba','4-4123018','profesional@barberia.com','09:00:00','18:00:00',-17.38670000,-66.14560000,'activo','2025-09-18 08:32:26'),(19,19,'Barbería Económica','Calle Nataniel Aguirre 813, Cochabamba','4-4123019','economica@barberia.com','08:00:00','19:00:00',-17.39340000,-66.16230000,'activo','2025-09-18 08:32:26'),(20,20,'Barbería Familiar','Av. Beijing 924, Cochabamba','4-4123020','familiar@barberia.com','08:30:00','18:30:00',-17.37890000,-66.15670000,'activo','2025-09-18 08:32:26');
/*!40000 ALTER TABLE `barberias` ENABLE KEYS */;
UNLOCK TABLES;

--
-- Dumping data for table `barbero_servicios`
--

LOCK TABLES `barbero_servicios` WRITE;
/*!40000 ALTER TABLE `barbero_servicios` DISABLE KEYS */;
INSERT INTO `barbero_servicios` (`id_asignacion`, `id_barbero`, `id_servicio`, `activo`) VALUES (1,1,1,1),(2,1,2,1),(3,1,3,1),(4,2,1,1),(5,2,5,1),(6,3,4,1),(7,3,7,1),(8,4,4,1),(9,4,1,1),(10,5,6,1),(11,5,7,1),(12,6,5,1),(13,6,10,1),(14,7,8,1),(15,7,9,1),(16,7,1,1),(17,8,8,1),(18,8,4,1),(19,9,10,1),(20,9,11,1),(21,10,10,1),(22,10,1,1),(23,11,12,1),(24,11,13,1),(25,12,11,1),(26,12,17,1),(27,13,14,1),(28,13,15,1),(29,13,12,1),(30,14,14,1),(31,14,13,1),(32,15,17,1),(33,15,15,1),(34,16,16,1),(35,16,14,1),(36,17,19,1),(37,17,18,1),(38,18,19,1),(39,18,15,1),(40,19,20,1),(41,19,18,1),(42,19,1,1),(43,20,20,1),(44,20,4,1);
/*!40000 ALTER TABLE `barbero_servicios` ENABLE KEYS */;
UNLOCK TABLES;

--
-- Dumping data for table `barberos`
--

LOCK TABLES `barberos` WRITE;
/*!40000 ALTER TABLE `barberos` DISABLE KEYS */;
INSERT INTO `barberos` (`id_barbero`, `email`, `password_hash`, `nombre`, `apellido`, `telefono`, `dni`, `id_barberia`, `especialidades`, `experiencia_anos`, `calificacion_promedio`, `estado`, `fecha_ingreso`, `fecha_registro`, `ultimo_acceso`) VALUES (1,'juan.perez@barberia.com','$2y$10$hashB1','Juan','Pérez','70101001','87654001',1,'[\"corte_clásico\", \"barba\"]',5,4.50,'activo','2025-09-18','2025-09-18 08:32:26',NULL),(2,'carlos.lopez@barberia.com','$2y$10$hashB2','Carlos','López','70101002','87654002',1,'[\"corte_moderno\", \"tratamiento\"]',3,4.20,'activo','2025-09-18','2025-09-18 08:32:26',NULL),(3,'miguel.gonzalez@barberia.com','$2y$10$hashB3','Miguel','González','70101003','87654003',2,'[\"barba\", \"combo\"]',7,4.70,'activo','2025-09-18','2025-09-18 08:32:26',NULL),(4,'pedro.martinez@barberia.com','$2y$10$hashB4','Pedro','Martínez','70101004','87654004',2,'[\"corte_clásico\"]',4,4.30,'activo','2025-09-18','2025-09-18 08:32:26',NULL),(5,'luis.rodriguez@barberia.com','$2y$10$hashB5','Luis','Rodríguez','70101005','87654005',3,'[\"corte_moderno\", \"barba\"]',6,4.60,'activo','2025-09-18','2025-09-18 08:32:26',NULL),(6,'daniel.sanchez@barberia.com','$2y$10$hashB6','Daniel','Sánchez','70101006','87654006',3,'[\"tratamiento\", \"combo\"]',2,4.10,'activo','2025-09-18','2025-09-18 08:32:26',NULL),(7,'andres.torres@barberia.com','$2y$10$hashB7','Andrés','Torres','70101007','87654007',4,'[\"corte_clásico\", \"barba\"]',8,4.80,'activo','2025-09-18','2025-09-18 08:32:26',NULL),(8,'ricardo.morales@barberia.com','$2y$10$hashB8','Ricardo','Morales','70101008','87654008',4,'[\"corte_moderno\"]',3,4.20,'activo','2025-09-18','2025-09-18 08:32:26',NULL),(9,'fernando.jimenez@barberia.com','$2y$10$hashB9','Fernando','Jiménez','70101009','87654009',5,'[\"barba\", \"tratamiento\"]',5,4.40,'activo','2025-09-18','2025-09-18 08:32:26',NULL),(10,'roberto.vargas@barberia.com','$2y$10$hashB10','Roberto','Vargas','70101010','87654010',5,'[\"combo\", \"corte_clásico\"]',4,4.30,'activo','2025-09-18','2025-09-18 08:32:26',NULL),(11,'mario.herrera@barberia.com','$2y$10$hashB11','Mario','Herrera','70101011','87654011',6,'[\"corte_moderno\", \"barba\"]',6,4.50,'activo','2025-09-18','2025-09-18 08:32:26',NULL),(12,'javier.castro@barberia.com','$2y$10$hashB12','Javier','Castro','70101012','87654012',6,'[\"tratamiento\"]',3,4.00,'activo','2025-09-18','2025-09-18 08:32:26',NULL),(13,'alejandro.mendoza@barberia.com','$2y$10$hashB13','Alejandro','Mendoza','70101013','87654013',7,'[\"corte_clásico\", \"combo\"]',7,4.60,'activo','2025-09-18','2025-09-18 08:32:26',NULL),(14,'sergio.paredes@barberia.com','$2y$10$hashB14','Sergio','Paredes','70101014','87654014',7,'[\"barba\", \"corte_moderno\"]',4,4.20,'activo','2025-09-18','2025-09-18 08:32:26',NULL),(15,'raul.gutierrez@barberia.com','$2y$10$hashB15','Raúl','Gutiérrez','70101015','87654015',8,'[\"combo\", \"tratamiento\"]',5,4.40,'activo','2025-09-18','2025-09-18 08:32:26',NULL),(16,'antonio.ramirez@barberia.com','$2y$10$hashB16','Antonio','Ramírez','70101016','87654016',8,'[\"corte_clásico\"]',3,4.10,'activo','2025-09-18','2025-09-18 08:32:26',NULL),(17,'manuel.flores@barberia.com','$2y$10$hashB17','Manuel','Flores','70101017','87654017',9,'[\"barba\", \"corte_moderno\"]',6,4.50,'activo','2025-09-18','2025-09-18 08:32:26',NULL),(18,'oscar.salazar@barberia.com','$2y$10$hashB18','Oscar','Salazar','70101018','87654018',9,'[\"tratamiento\", \"combo\"]',4,4.30,'activo','2025-09-18','2025-09-18 08:32:26',NULL),(19,'eduardo.ortega@barberia.com','$2y$10$hashB19','Eduardo','Ortega','70101019','87654019',10,'[\"corte_clásico\", \"barba\"]',8,4.70,'activo','2025-09-18','2025-09-18 08:32:26',NULL),(20,'victor.silva@barberia.com','$2y$10$hashB20','Víctor','Silva','70101020','87654020',10,'[\"corte_moderno\", \"combo\"]',5,4.40,'activo','2025-09-18','2025-09-18 08:32:26',NULL);
/*!40000 ALTER TABLE `barberos` ENABLE KEYS */;
UNLOCK TABLES;

--
-- Dumping data for table `calificaciones`
--

LOCK TABLES `calificaciones` WRITE;
/*!40000 ALTER TABLE `calificaciones` DISABLE KEYS */;
INSERT INTO `calificaciones` (`id_calificacion`, `id_reserva`, `puntuacion_servicio`, `puntuacion_barbero`, `comentario`, `fecha_calificacion`) VALUES (1,1,5,5,'Excelente servicio, muy profesional','2024-01-15 12:00:00'),(2,2,4,4,'Buen trabajo, recomendado','2024-01-15 13:30:00'),(3,3,5,5,'Perfecto, exactamente lo que quería','2024-01-16 17:00:00'),(4,4,4,4,'Muy conforme con el resultado','2024-01-16 19:00:00'),(5,5,5,5,'Servicio excepcional, volveré','2024-01-17 14:00:00'),(6,6,3,4,'Bien pero puede mejorar','2024-01-17 18:00:00'),(7,7,5,5,'Increíble trabajo, muy detallado','2024-01-18 12:30:00'),(8,8,5,5,'Arte puro, quedé impresionado','2024-01-18 16:00:00'),(9,9,4,4,'Rápido y eficiente como prometido','2024-01-19 13:00:00'),(10,10,5,5,'Estilo vintage perfecto','2024-01-19 19:00:00'),(11,11,4,5,'Mi hijo quedó feliz con su corte','2024-01-20 11:30:00'),(12,12,5,5,'Servicio VIP excepcional','2024-01-20 17:30:00'),(13,13,5,5,'Segundo servicio igual de bueno','2024-01-22 12:00:00'),(14,14,4,4,'Combo completo satisfactorio','2024-01-22 14:30:00'),(15,15,5,4,'Tratamiento muy relajante','2024-01-23 18:00:00'),(16,16,4,4,'Masaje excelente para el estrés','2024-01-23 20:00:00'),(17,17,5,5,'Barba perfecta, muy profesional','2024-01-24 13:30:00'),(18,18,5,5,'Vale cada peso del premium','2024-01-24 17:00:00'),(19,19,4,4,'Tratamiento efectivo','2024-01-25 12:30:00'),(20,20,5,5,'Diseño creativo impresionante','2024-01-25 19:30:00'),(21,21,4,5,'Barbero muy amable y hábil','2024-01-26 14:00:00'),(22,22,5,4,'Corte moderno exacto','2024-01-26 18:30:00'),(23,23,4,4,'Preparación perfecta para reunión','2024-01-27 11:00:00'),(24,24,5,5,'Siempre superan expectativas','2024-01-27 16:30:00'),(25,25,5,5,'Experiencia VIP inolvidable','2024-01-28 13:00:00');
/*!40000 ALTER TABLE `calificaciones` ENABLE KEYS */;
UNLOCK TABLES;

--
-- Dumping data for table `clientes`
--

LOCK TABLES `clientes` WRITE;
/*!40000 ALTER TABLE `clientes` DISABLE KEYS */;
INSERT INTO `clientes` (`id_cliente`, `email`, `password_hash`, `nombre`, `apellido`, `telefono`, `dni`, `direccion`, `fecha_nacimiento`, `preferencias`, `puntos_fidelidad`, `fecha_primera_visita`, `estado`, `fecha_registro`, `ultimo_acceso`) VALUES (1,'maria.gonzalez@email.com','$2y$10$hashC1','María','González','70201001','11223001','Av. Heroínas 234','1990-03-15',NULL,150,NULL,'activo','2025-09-18 08:32:26',NULL),(2,'jose.martinez@email.com','$2y$10$hashC2','José','Martínez','70201002','11223002','Calle España 567','1985-07-22',NULL,280,NULL,'activo','2025-09-18 08:32:26',NULL),(3,'ana.lopez@email.com','$2y$10$hashC3','Ana','López','70201003','11223003','Av. América 890','1992-11-08',NULL,95,NULL,'activo','2025-09-18 08:32:26',NULL),(4,'carlos.rodriguez@email.com','$2y$10$hashC4','Carlos','Rodríguez','70201004','11223004','Av. Ayacucho 123','1988-05-12',NULL,320,NULL,'activo','2025-09-18 08:32:26',NULL),(5,'laura.sanchez@email.com','$2y$10$hashC5','Laura','Sánchez','70201005','11223005','Calle Bolívar 456','1995-09-30',NULL,75,NULL,'activo','2025-09-18 08:32:26',NULL),(6,'miguel.torres@email.com','$2y$10$hashC6','Miguel','Torres','70201006','11223006','Av. Oquendo 789','1987-01-18',NULL,210,NULL,'activo','2025-09-18 08:32:26',NULL),(7,'elena.morales@email.com','$2y$10$hashC7','Elena','Morales','70201007','11223007','Calle Sucre 321','1993-04-25',NULL,140,NULL,'activo','2025-09-18 08:32:26',NULL),(8,'pedro.jimenez@email.com','$2y$10$hashC8','Pedro','Jiménez','70201008','11223008','Av. San Martín 654','1986-12-03',NULL,390,NULL,'activo','2025-09-18 08:32:26',NULL),(9,'sofia.vargas@email.com','$2y$10$hashC9','Sofía','Vargas','70201009','11223009','Calle Jordán 987','1991-08-14',NULL,110,NULL,'activo','2025-09-18 08:32:26',NULL),(10,'fernando.herrera@email.com','$2y$10$hashC10','Fernando','Herrera','70201010','11223010','Av. Pando 147','1989-06-07',NULL,260,NULL,'activo','2025-09-18 08:32:26',NULL),(11,'patricia.castro@email.com','$2y$10$hashC11','Patricia','Castro','70201011','11223011','Calle Antezana 258','1994-02-19',NULL,85,NULL,'activo','2025-09-18 08:32:26',NULL),(12,'ricardo.mendoza@email.com','$2y$10$hashC12','Ricardo','Mendoza','70201012','11223012','Av. 6 de Agosto 369','1983-10-11',NULL,450,NULL,'activo','2025-09-18 08:32:26',NULL),(13,'monica.paredes@email.com','$2y$10$hashC13','Mónica','Paredes','70201013','11223013','Calle Nataniel Aguirre 741','1996-07-28',NULL,65,NULL,'activo','2025-09-18 08:32:26',NULL),(14,'andres.gutierrez@email.com','$2y$10$hashC14','Andrés','Gutiérrez','70201014','11223014','Av. Beijing 852','1984-03-16',NULL,340,NULL,'activo','2025-09-18 08:32:26',NULL),(15,'gabriela.ramirez@email.com','$2y$10$hashC15','Gabriela','Ramírez','70201015','11223015','Av. Blanco Galindo 963','1997-11-22',NULL,55,NULL,'activo','2025-09-18 08:32:26',NULL),(16,'diego.flores@email.com','$2y$10$hashC16','Diego','Flores','70201016','11223016','Av. Circunvalación 159','1982-08-05',NULL,520,NULL,'activo','2025-09-18 08:32:26',NULL),(17,'valeria.salazar@email.com','$2y$10$hashC17','Valeria','Salazar','70201017','11223017','Av. Petrolera 357','1998-04-13',NULL,45,NULL,'activo','2025-09-18 08:32:26',NULL),(18,'roberto.ortega@email.com','$2y$10$hashC18','Roberto','Ortega','70201018','11223018','Plaza Colón 468','1981-12-24',NULL,680,NULL,'activo','2025-09-18 08:32:26',NULL),(19,'carmen.silva@email.com','$2y$10$hashC19','Carmen','Silva','70201019','11223019','Av. Aroma 579','1999-01-09',NULL,35,NULL,'activo','2025-09-18 08:32:26',NULL),(20,'javier.ruiz@email.com','$2y$10$hashC20','Javier','Ruiz','70201020','11223020','Calle Esteban Arze 681','1980-09-17',NULL,750,NULL,'activo','2025-09-18 08:32:26',NULL),(21,'isabela.vera@email.com','$2y$10$hashC21','Isabela','Vera','70201021','11223021','Av. Libertador 792','1993-05-31',NULL,125,NULL,'activo','2025-09-18 08:32:26',NULL),(22,'manuel.cruz@email.com','$2y$10$hashC22','Manuel','Cruz','70201022','11223022','Calle Hamiraya 813','1987-02-14',NULL,295,NULL,'activo','2025-09-18 08:32:26',NULL),(23,'natalia.pena@email.com','$2y$10$hashC23','Natalia','Peña','70201023','11223023','Av. Tadeo Haenke 924','1995-10-26',NULL,180,NULL,'activo','2025-09-18 08:32:26',NULL),(24,'antonio.vega@email.com','$2y$10$hashC24','Antonio','Vega','70201024','11223024','Calle Calama 135','1988-07-08',NULL,415,NULL,'activo','2025-09-18 08:32:26',NULL),(25,'beatriz.leon@email.com','$2y$10$hashC25','Beatriz','León','70201025','11223025','Av. Melchor Pérez 246','1992-03-20',NULL,90,NULL,'activo','2025-09-18 08:32:26',NULL);
/*!40000 ALTER TABLE `clientes` ENABLE KEYS */;
UNLOCK TABLES;

--
-- Dumping data for table `promociones`
--

LOCK TABLES `promociones` WRITE;
/*!40000 ALTER TABLE `promociones` DISABLE KEYS */;
INSERT INTO `promociones` (`id_promocion`, `id_barberia`, `nombre`, `descripcion`, `descuento_porcentaje`, `descuento_monto`, `fecha_inicio`, `fecha_fin`, `max_usos`, `usos_actuales`, `estado`) VALUES (1,1,'Descuento Enero','Promoción de inicio de año',15.00,NULL,'2024-01-01','2024-01-31',100,25,'vencida'),(2,2,'Combo Especial','Descuento en combos completos',20.00,NULL,'2024-01-15','2024-02-15',50,12,'vencida'),(3,3,'Cliente Nuevo','Descuento para primeros clientes',25.00,NULL,'2024-01-01','2024-12-31',200,45,'vencida'),(4,4,'Lunes Ejecutivo','Descuento los lunes para ejecutivos',10.00,NULL,'2024-01-01','2024-03-31',80,18,'vencida'),(5,5,'Fin de Semana','Promoción de fin de semana',12.00,NULL,'2024-01-01','2024-02-29',60,22,'vencida'),(6,6,'Estudiante','Descuento para estudiantes',30.00,NULL,'2024-01-01','2024-06-30',150,38,'vencida'),(7,7,'Cumpleañero','Descuento del mes de cumpleaños',50.00,NULL,'2024-01-01','2024-12-31',300,75,'vencida'),(8,8,'Familia','Descuento familiar 3x2',33.00,NULL,'2024-01-01','2024-04-30',40,8,'vencida'),(9,9,'VIP Premium','Descuento para servicios premium',15.00,NULL,'2024-01-01','2024-05-31',30,15,'vencida'),(10,10,'Tercera Edad','Descuento para adultos mayores',40.00,NULL,'2024-01-01','2024-12-31',100,28,'vencida'),(11,11,'Referido','Descuento por traer amigos',20.00,NULL,'2024-01-01','2024-06-30',75,19,'vencida'),(12,12,'Madrugador','Descuento antes de las 10am',8.00,NULL,'2024-01-01','2024-03-31',90,31,'vencida'),(13,13,'San Valentín','Promoción especial parejas',25.00,NULL,'2024-02-10','2024-02-18',20,5,'vencida'),(14,14,'Express','Descuento en cortes express',10.00,NULL,'2024-01-01','2024-04-30',120,42,'vencida'),(15,15,'Fidelidad','Descuento por puntos acumulados',18.00,NULL,'2024-01-01','2024-12-31',200,67,'vencida'),(16,16,'Miércoles Loco','Descuento especial miércoles',22.00,NULL,'2024-01-01','2024-02-29',35,11,'vencida'),(17,17,'Barbero Nuevo','Descuento con barberos junior',15.00,NULL,'2024-01-01','2024-05-31',60,14,'vencida'),(18,18,'Hora Feliz','Descuento de 4-6pm',12.00,NULL,'2024-01-01','2024-03-31',85,29,'vencida'),(19,19,'Corporativo','Descuento para empresas',35.00,NULL,'2024-01-01','2024-12-31',25,6,'vencida'),(20,20,'Fin de Año','Promoción especial diciembre',30.00,NULL,'2024-12-01','2024-12-31',50,0,'vencida');
/*!40000 ALTER TABLE `promociones` ENABLE KEYS */;
UNLOCK TABLES;

--
-- Dumping data for table `reservas`
--

LOCK TABLES `reservas` WRITE;
/*!40000 ALTER TABLE `reservas` DISABLE KEYS */;
INSERT INTO `reservas` (`id_reserva`, `id_cliente`, `id_barbero_servicio`, `fecha_hora`, `duracion_estimada`, `precio_acordado`, `estado`, `notas_cliente`, `notas_barbero`, `fecha_creacion`, `fecha_confirmacion`, `fecha_completada`) VALUES (1,1,1,'2024-01-15 09:00:00',30,25.00,'completada','Corte para evento especial',NULL,'2025-09-18 08:32:26',NULL,NULL),(2,2,2,'2024-01-15 10:30:00',20,15.00,'completada','Arreglo de barba semanal',NULL,'2025-09-18 08:32:26',NULL,NULL),(3,3,4,'2024-01-16 14:00:00',35,30.00,'completada','Primer corte en la barbería',NULL,'2025-09-18 08:32:26',NULL,NULL),(4,4,5,'2024-01-16 16:30:00',25,20.00,'completada','Corte juvenil moderno',NULL,'2025-09-18 08:32:26',NULL,NULL),(5,5,7,'2024-01-17 11:00:00',45,40.00,'completada','Combo ejecutivo',NULL,'2025-09-18 08:32:26',NULL,NULL),(6,6,8,'2024-01-17 15:00:00',30,28.00,'completada','Corte para trabajo',NULL,'2025-09-18 08:32:26',NULL,NULL),(7,7,10,'2024-01-18 09:30:00',40,32.00,'completada','Fade profesional',NULL,'2025-09-18 08:32:26',NULL,NULL),(8,8,12,'2024-01-18 13:00:00',50,45.00,'completada','Corte artístico único',NULL,'2025-09-18 08:32:26',NULL,NULL),(9,9,14,'2024-01-19 10:00:00',20,18.00,'completada','Corte express',NULL,'2025-09-18 08:32:26',NULL,NULL),(10,10,16,'2024-01-19 16:00:00',35,30.00,'completada','Estilo vintage',NULL,'2025-09-18 08:32:26',NULL,NULL),(11,11,18,'2024-01-20 08:30:00',25,15.00,'completada','Corte para niño',NULL,'2025-09-18 08:32:26',NULL,NULL),(12,12,20,'2024-01-20 14:30:00',45,55.00,'completada','Servicio VIP',NULL,'2025-09-18 08:32:26',NULL,NULL),(13,13,1,'2024-01-22 09:00:00',30,25.00,'confirmada','Mantenimiento mensual',NULL,'2025-09-18 08:32:26',NULL,NULL),(14,14,3,'2024-01-22 11:30:00',50,35.00,'confirmada','Combo completo',NULL,'2025-09-18 08:32:26',NULL,NULL),(15,15,6,'2024-01-23 15:00:00',45,40.00,'confirmada','Tratamiento especial',NULL,'2025-09-18 08:32:26',NULL,NULL),(16,16,9,'2024-01-23 17:00:00',20,18.00,'confirmada','Masaje relajante',NULL,'2025-09-18 08:32:26',NULL,NULL),(17,17,11,'2024-01-24 10:30:00',35,22.00,'confirmada','Arreglo completo barba',NULL,'2025-09-18 08:32:26',NULL,NULL),(18,18,13,'2024-01-24 14:00:00',60,50.00,'confirmada','Combo premium',NULL,'2025-09-18 08:32:26',NULL,NULL),(19,19,15,'2024-01-25 09:30:00',30,35.00,'confirmada','Tratamiento anti-caspa',NULL,'2025-09-18 08:32:26',NULL,NULL),(20,20,17,'2024-01-25 16:30:00',25,20.00,'cancelada','Diseño barba creativo',' [Cancelada automáticamente por falta de confirmación]','2025-09-18 08:32:26',NULL,NULL),(21,21,2,'2024-01-26 11:00:00',20,15.00,'cancelada','Mantenimiento barba',' [Cancelada automáticamente por falta de confirmación]','2025-09-18 08:32:26',NULL,NULL),(22,22,4,'2024-01-26 15:30:00',35,30.00,'cancelada','Corte moderno actualizado',' [Cancelada automáticamente por falta de confirmación]','2025-09-18 08:32:26',NULL,NULL),(23,23,8,'2024-01-27 08:00:00',30,28.00,'cancelada','Preparación reunión',' [Cancelada automáticamente por falta de confirmación]','2025-09-18 08:32:26',NULL,NULL),(24,24,12,'2024-01-27 13:30:00',50,45.00,'cancelada','Nuevo diseño artístico',' [Cancelada automáticamente por falta de confirmación]','2025-09-18 08:32:26',NULL,NULL),(25,25,19,'2024-01-28 10:00:00',45,55.00,'cancelada','Experiencia VIP completa',' [Cancelada automáticamente por falta de confirmación]','2025-09-18 08:32:26',NULL,NULL),(26,1,5,'2024-01-29 14:00:00',25,20.00,'cancelada','Cambio de look',' [Cancelada automáticamente por falta de confirmación]','2025-09-18 08:32:26',NULL,NULL),(27,3,7,'2024-01-29 16:00:00',45,40.00,'cancelada','Segundo combo del mes',' [Cancelada automáticamente por falta de confirmación]','2025-09-18 08:32:26',NULL,NULL),(28,5,10,'2024-01-30 09:00:00',40,32.00,'cancelada','Fade actualizado',' [Cancelada automáticamente por falta de confirmación]','2025-09-18 08:32:26',NULL,NULL),(29,7,14,'2024-01-30 11:30:00',20,18.00,'cancelada','Corte rápido trabajo',' [Cancelada automáticamente por falta de confirmación]','2025-09-18 08:32:26',NULL,NULL),(30,9,18,'2024-01-31 15:00:00',25,15.00,'cancelada','Corte hijo mayor',' [Cancelada automáticamente por falta de confirmación]','2025-09-18 08:32:26',NULL,NULL);
/*!40000 ALTER TABLE `reservas` ENABLE KEYS */;
UNLOCK TABLES;

--
-- Dumping data for table `servicios`
--

LOCK TABLES `servicios` WRITE;
/*!40000 ALTER TABLE `servicios` DISABLE KEYS */;
INSERT INTO `servicios` (`id_servicio`, `id_barberia`, `nombre`, `descripcion`, `duracion_minutos`, `precio`, `categoria`, `estado`) VALUES (1,1,'Corte Clásico','Corte de cabello tradicional con tijera y máquina',30,25.00,'corte','activo'),(2,1,'Arreglo de Barba','Recorte y diseño de barba profesional',20,15.00,'barba','activo'),(3,1,'Combo Completo','Corte + Barba + Lavado',50,35.00,'combo','activo'),(4,2,'Corte Moderno','Corte contemporáneo con diseños',35,30.00,'corte','activo'),(5,2,'Tratamiento Capilar','Hidratación y nutrición del cabello',45,40.00,'tratamiento','activo'),(6,3,'Corte Juvenil','Corte para jóvenes con estilo urbano',25,20.00,'corte','activo'),(7,3,'Barba Premium','Arreglo de barba con aceites especiales',30,25.00,'barba','activo'),(8,4,'Corte Ejecutivo','Corte profesional para oficina',30,28.00,'corte','activo'),(9,4,'Combo Ejecutivo','Corte + Barba para profesionales',45,40.00,'combo','activo'),(10,5,'Corte Fade','Corte degradado profesional',40,32.00,'corte','activo'),(11,5,'Masaje Capilar','Masaje relajante del cuero cabelludo',20,18.00,'tratamiento','activo'),(12,6,'Corte Artístico','Corte con diseños personalizados',50,45.00,'corte','activo'),(13,6,'Barba Completa','Arreglo integral de barba y bigote',35,22.00,'barba','activo'),(14,7,'Corte Express','Corte rápido y eficiente',20,18.00,'corte','activo'),(15,7,'Combo Premium','Servicio completo de lujo',60,50.00,'combo','activo'),(16,8,'Corte Vintage','Corte estilo retro y clásico',35,30.00,'corte','activo'),(17,8,'Tratamiento Anti-caspa','Tratamiento especializado',30,35.00,'tratamiento','activo'),(18,9,'Corte Infantil','Corte especial para niños',25,15.00,'corte','activo'),(19,9,'Barba Diseño','Diseño creativo de barba',25,20.00,'barba','activo'),(20,10,'Corte VIP','Servicio exclusivo personalizado',45,55.00,'corte','activo');
/*!40000 ALTER TABLE `servicios` ENABLE KEYS */;
UNLOCK TABLES;
/*!40103 SET TIME_ZONE=@OLD_TIME_ZONE */;

/*!40101 SET SQL_MODE=@OLD_SQL_MODE */;
/*!40014 SET FOREIGN_KEY_CHECKS=@OLD_FOREIGN_KEY_CHECKS */;
/*!40014 SET UNIQUE_CHECKS=@OLD_UNIQUE_CHECKS */;
/*!40101 SET CHARACTER_SET_CLIENT=@OLD_CHARACTER_SET_CLIENT */;
/*!40101 SET CHARACTER_SET_RESULTS=@OLD_CHARACTER_SET_RESULTS */;
/*!40101 SET COLLATION_CONNECTION=@OLD_COLLATION_CONNECTION */;
/*!40111 SET SQL_NOTES=@OLD_SQL_NOTES */;

-- Dump completed on 2025-09-25 21:23:34
