-- INSERCIONES MASIVAS - 20+ registros por tabla - Sistema de Gestión de Barberías

USE barberia_db;

-- Iniciar transacción para asegurar consistencia
START TRANSACTION;

-- TABLA: administradores (20 registros)
INSERT INTO administradores (email, password_hash, nombre, apellido, dni, nivel_acceso, telefono) VALUES
('admin1@barberia.com', '$2y$10$hash1', 'Carlos', 'Rodríguez', '12345001', 'super_admin', '70001001'),
('admin2@barberia.com', '$2y$10$hash2', 'María', 'González', '12345002', 'completo', '70001002'),
('admin3@barberia.com', '$2y$10$hash3', 'Juan', 'López', '12345003', 'limitado', '70001003'),
('admin4@barberia.com', '$2y$10$hash4', 'Ana', 'Martínez', '12345004', 'completo', '70001004'),
('admin5@barberia.com', '$2y$10$hash5', 'Pedro', 'Sánchez', '12345005', 'limitado', '70001005'),
('admin6@barberia.com', '$2y$10$hash6', 'Laura', 'Fernández', '12345006', 'completo', '70001006'),
('admin7@barberia.com', '$2y$10$hash7', 'Miguel', 'Torres', '12345007', 'limitado', '70001007'),
('admin8@barberia.com', '$2y$10$hash8', 'Carmen', 'Ruiz', '12345008', 'completo', '70001008'),
('admin9@barberia.com', '$2y$10$hash9', 'José', 'Morales', '12345009', 'limitado', '70001009'),
('admin10@barberia.com', '$2y$10$hash10', 'Elena', 'Jiménez', '12345010', 'completo', '70001010'),
('admin11@barberia.com', '$2y$10$hash11', 'Roberto', 'Vargas', '12345011', 'limitado', '70001011'),
('admin12@barberia.com', '$2y$10$hash12', 'Patricia', 'Herrera', '12345012', 'completo', '70001012'),
('admin13@barberia.com', '$2y$10$hash13', 'Fernando', 'Castro', '12345013', 'limitado', '70001013'),
('admin14@barberia.com', '$2y$10$hash14', 'Silvia', 'Mendoza', '12345014', 'completo', '70001014'),
('admin15@barberia.com', '$2y$10$hash15', 'Ricardo', 'Paredes', '12345015', 'limitado', '70001015'),
('admin16@barberia.com', '$2y$10$hash16', 'Mónica', 'Gutiérrez', '12345016', 'completo', '70001016'),
('admin17@barberia.com', '$2y$10$hash17', 'Andrés', 'Ramírez', '12345017', 'limitado', '70001017'),
('admin18@barberia.com', '$2y$10$hash18', 'Gabriela', 'Flores', '12345018', 'completo', '70001018'),
('admin19@barberia.com', '$2y$10$hash19', 'Diego', 'Salazar', '12345019', 'limitado', '70001019'),
('admin20@barberia.com', '$2y$10$hash20', 'Valeria', 'Ortega', '12345020', 'completo', '70001020');

-- TABLA: barberias (20 registros)
INSERT INTO barberias (id_administrador, nombre, direccion, telefono, email, horario_apertura, horario_cierre, latitud, longitud) VALUES
(1, 'Barbería Central', 'Av. Heroínas 123, Cochabamba', '4-4123001', 'central@barberia.com', '08:00:00', '19:00:00', -17.3895, -66.1568),
(2, 'Barbería Norte', 'Av. América 456, Cochabamba', '4-4123002', 'norte@barberia.com', '08:30:00', '18:30:00', -17.3712, -66.1625),
(3, 'Barbería Sur', 'Av. Blanco Galindo 789, Cochabamba', '4-4123003', 'sur@barberia.com', '09:00:00', '20:00:00', -17.4123, -66.1456),
(4, 'Barbería Este', 'Av. Circunvalación 321, Cochabamba', '4-4123004', 'este@barberia.com', '08:00:00', '18:00:00', -17.3856, -66.1234),
(5, 'Barbería Oeste', 'Av. Petrolera 654, Cochabamba', '4-4123005', 'oeste@barberia.com', '09:00:00', '19:00:00', -17.3945, -66.1789),
(6, 'Barbería Plaza', 'Plaza Colón 987, Cochabamba', '4-4123006', 'plaza@barberia.com', '08:30:00', '18:30:00', -17.3889, -66.1578),
(7, 'Barbería Moderna', 'Av. Ayacucho 147, Cochabamba', '4-4123007', 'moderna@barberia.com', '08:00:00', '19:30:00', -17.3912, -66.1534),
(8, 'Barbería Clásica', 'Calle España 258, Cochabamba', '4-4123008', 'clasica@barberia.com', '09:00:00', '18:00:00', -17.3876, -66.1612),
(9, 'Barbería Premium', 'Av. Oquendo 369, Cochabamba', '4-4123009', 'premium@barberia.com', '08:00:00', '20:00:00', -17.3834, -66.1445),
(10, 'Barbería Express', 'Av. Aroma 741, Cochabamba', '4-4123010', 'express@barberia.com', '07:30:00', '19:00:00', -17.3967, -66.1623),
(11, 'Barbería Elegante', 'Calle Bolívar 852, Cochabamba', '4-4123011', 'elegante@barberia.com', '08:30:00', '18:30:00', -17.3823, -66.1567),
(12, 'Barbería Tradicional', 'Av. San Martín 963, Cochabamba', '4-4123012', 'tradicional@barberia.com', '09:00:00', '19:00:00', -17.3945, -66.1489),
(13, 'Barbería Juvenil', 'Calle Sucre 159, Cochabamba', '4-4123013', 'juvenil@barberia.com', '08:00:00', '18:00:00', -17.3891, -66.1634),
(14, 'Barbería VIP', 'Av. Ballivián 357, Cochabamba', '4-4123014', 'vip@barberia.com', '08:30:00', '20:00:00', -17.3778, -66.1512),
(15, 'Barbería Rápida', 'Calle Jordán 468, Cochabamba', '4-4123015', 'rapida@barberia.com', '07:00:00', '19:00:00', -17.3912, -66.1678),
(16, 'Barbería Stylish', 'Av. Pando 579, Cochabamba', '4-4123016', 'stylish@barberia.com', '08:00:00', '18:30:00', -17.3845, -66.1534),
(17, 'Barbería Popular', 'Calle Antezana 681, Cochabamba', '4-4123017', 'popular@barberia.com', '08:30:00', '19:30:00', -17.3923, -66.1601),
(18, 'Barbería Profesional', 'Av. 6 de Agosto 792, Cochabamba', '4-4123018', 'profesional@barberia.com', '09:00:00', '18:00:00', -17.3867, -66.1456),
(19, 'Barbería Económica', 'Calle Nataniel Aguirre 813, Cochabamba', '4-4123019', 'economica@barberia.com', '08:00:00', '19:00:00', -17.3934, -66.1623),
(20, 'Barbería Familiar', 'Av. Beijing 924, Cochabamba', '4-4123020', 'familiar@barberia.com', '08:30:00', '18:30:00', -17.3789, -66.1567);

-- TABLA: barberos (20 registros)
INSERT INTO barberos (email, password_hash, nombre, apellido, dni, id_barberia, especialidades, experiencia_anos, calificacion_promedio, telefono) VALUES
('juan.perez@barberia.com', '$2y$10$hashB1', 'Juan', 'Pérez', '87654001', 1, '["corte_clásico", "barba"]', 5, 4.5, '70101001'),
('carlos.lopez@barberia.com', '$2y$10$hashB2', 'Carlos', 'López', '87654002', 1, '["corte_moderno", "tratamiento"]', 3, 4.2, '70101002'),
('miguel.gonzalez@barberia.com', '$2y$10$hashB3', 'Miguel', 'González', '87654003', 2, '["barba", "combo"]', 7, 4.7, '70101003'),
('pedro.martinez@barberia.com', '$2y$10$hashB4', 'Pedro', 'Martínez', '87654004', 2, '["corte_clásico"]', 4, 4.3, '70101004'),
('luis.rodriguez@barberia.com', '$2y$10$hashB5', 'Luis', 'Rodríguez', '87654005', 3, '["corte_moderno", "barba"]', 6, 4.6, '70101005'),
('daniel.sanchez@barberia.com', '$2y$10$hashB6', 'Daniel', 'Sánchez', '87654006', 3, '["tratamiento", "combo"]', 2, 4.1, '70101006'),
('andres.torres@barberia.com', '$2y$10$hashB7', 'Andrés', 'Torres', '87654007', 4, '["corte_clásico", "barba"]', 8, 4.8, '70101007'),
('ricardo.morales@barberia.com', '$2y$10$hashB8', 'Ricardo', 'Morales', '87654008', 4, '["corte_moderno"]', 3, 4.2, '70101008'),
('fernando.jimenez@barberia.com', '$2y$10$hashB9', 'Fernando', 'Jiménez', '87654009', 5, '["barba", "tratamiento"]', 5, 4.4, '70101009'),
('roberto.vargas@barberia.com', '$2y$10$hashB10', 'Roberto', 'Vargas', '87654010', 5, '["combo", "corte_clásico"]', 4, 4.3, '70101010'),
('mario.herrera@barberia.com', '$2y$10$hashB11', 'Mario', 'Herrera', '87654011', 6, '["corte_moderno", "barba"]', 6, 4.5, '70101011'),
('javier.castro@barberia.com', '$2y$10$hashB12', 'Javier', 'Castro', '87654012', 6, '["tratamiento"]', 3, 4.0, '70101012'),
('alejandro.mendoza@barberia.com', '$2y$10$hashB13', 'Alejandro', 'Mendoza', '87654013', 7, '["corte_clásico", "combo"]', 7, 4.6, '70101013'),
('sergio.paredes@barberia.com', '$2y$10$hashB14', 'Sergio', 'Paredes', '87654014', 7, '["barba", "corte_moderno"]', 4, 4.2, '70101014'),
('raul.gutierrez@barberia.com', '$2y$10$hashB15', 'Raúl', 'Gutiérrez', '87654015', 8, '["combo", "tratamiento"]', 5, 4.4, '70101015'),
('antonio.ramirez@barberia.com', '$2y$10$hashB16', 'Antonio', 'Ramírez', '87654016', 8, '["corte_clásico"]', 3, 4.1, '70101016'),
('manuel.flores@barberia.com', '$2y$10$hashB17', 'Manuel', 'Flores', '87654017', 9, '["barba", "corte_moderno"]', 6, 4.5, '70101017'),
('oscar.salazar@barberia.com', '$2y$10$hashB18', 'Oscar', 'Salazar', '87654018', 9, '["tratamiento", "combo"]', 4, 4.3, '70101018'),
('eduardo.ortega@barberia.com', '$2y$10$hashB19', 'Eduardo', 'Ortega', '87654019', 10, '["corte_clásico", "barba"]', 8, 4.7, '70101019'),
('victor.silva@barberia.com', '$2y$10$hashB20', 'Víctor', 'Silva', '87654020', 10, '["corte_moderno", "combo"]', 5, 4.4, '70101020');

-- TABLA: servicios (20 registros)
INSERT INTO servicios (id_barberia, nombre, descripcion, duracion_minutos, precio, categoria) VALUES
(1, 'Corte Clásico', 'Corte de cabello tradicional con tijera y máquina', 30, 25.00, 'corte'),
(1, 'Arreglo de Barba', 'Recorte y diseño de barba profesional', 20, 15.00, 'barba'),
(1, 'Combo Completo', 'Corte + Barba + Lavado', 50, 35.00, 'combo'),
(2, 'Corte Moderno', 'Corte contemporáneo con diseños', 35, 30.00, 'corte'),
(2, 'Tratamiento Capilar', 'Hidratación y nutrición del cabello', 45, 40.00, 'tratamiento'),
(3, 'Corte Juvenil', 'Corte para jóvenes con estilo urbano', 25, 20.00, 'corte'),
(3, 'Barba Premium', 'Arreglo de barba con aceites especiales', 30, 25.00, 'barba'),
(4, 'Corte Ejecutivo', 'Corte profesional para oficina', 30, 28.00, 'corte'),
(4, 'Combo Ejecutivo', 'Corte + Barba para profesionales', 45, 40.00, 'combo'),
(5, 'Corte Fade', 'Corte degradado profesional', 40, 32.00, 'corte'),
(5, 'Masaje Capilar', 'Masaje relajante del cuero cabelludo', 20, 18.00, 'tratamiento'),
(6, 'Corte Artístico', 'Corte con diseños personalizados', 50, 45.00, 'corte'),
(6, 'Barba Completa', 'Arreglo integral de barba y bigote', 35, 22.00, 'barba'),
(7, 'Corte Express', 'Corte rápido y eficiente', 20, 18.00, 'corte'),
(7, 'Combo Premium', 'Servicio completo de lujo', 60, 50.00, 'combo'),
(8, 'Corte Vintage', 'Corte estilo retro y clásico', 35, 30.00, 'corte'),
(8, 'Tratamiento Anti-caspa', 'Tratamiento especializado', 30, 35.00, 'tratamiento'),
(9, 'Corte Infantil', 'Corte especial para niños', 25, 15.00, 'corte'),
(9, 'Barba Diseño', 'Diseño creativo de barba', 25, 20.00, 'barba'),
(10, 'Corte VIP', 'Servicio exclusivo personalizado', 45, 55.00, 'corte');

-- TABLA: barbero_servicios (40 registros)
INSERT INTO barbero_servicios (id_barbero, id_servicio, activo) VALUES
(1, 1, TRUE), (1, 2, TRUE), (1, 3, TRUE),
(2, 1, TRUE), (2, 5, TRUE),
(3, 4, TRUE), (3, 7, TRUE),
(4, 4, TRUE), (4, 1, TRUE),
(5, 6, TRUE), (5, 7, TRUE),
(6, 5, TRUE), (6, 10, TRUE),
(7, 8, TRUE), (7, 9, TRUE), (7, 1, TRUE),
(8, 8, TRUE), (8, 4, TRUE),
(9, 10, TRUE), (9, 11, TRUE),
(10, 10, TRUE), (10, 1, TRUE),
(11, 12, TRUE), (11, 13, TRUE),
(12, 11, TRUE), (12, 17, TRUE),
(13, 14, TRUE), (13, 15, TRUE), (13, 12, TRUE),
(14, 14, TRUE), (14, 13, TRUE),
(15, 17, TRUE), (15, 15, TRUE),
(16, 16, TRUE), (16, 14, TRUE),
(17, 19, TRUE), (17, 18, TRUE),
(18, 19, TRUE), (18, 15, TRUE),
(19, 20, TRUE), (19, 18, TRUE), (19, 1, TRUE),
(20, 20, TRUE), (20, 4, TRUE);

-- TABLA: clientes (25 registros)
INSERT INTO clientes (email, password_hash, nombre, apellido, dni, telefono, direccion, fecha_nacimiento, puntos_fidelidad) VALUES
('maria.gonzalez@email.com', '$2y$10$hashC1', 'María', 'González', '11223001', '70201001', 'Av. Heroínas 234', '1990-03-15', 150),
('jose.martinez@email.com', '$2y$10$hashC2', 'José', 'Martínez', '11223002', '70201002', 'Calle España 567', '1985-07-22', 280),
('ana.lopez@email.com', '$2y$10$hashC3', 'Ana', 'López', '11223003', '70201003', 'Av. América 890', '1992-11-08', 95),
('carlos.rodriguez@email.com', '$2y$10$hashC4', 'Carlos', 'Rodríguez', '11223004', '70201004', 'Av. Ayacucho 123', '1988-05-12', 320),
('laura.sanchez@email.com', '$2y$10$hashC5', 'Laura', 'Sánchez', '11223005', '70201005', 'Calle Bolívar 456', '1995-09-30', 75),
('miguel.torres@email.com', '$2y$10$hashC6', 'Miguel', 'Torres', '11223006', '70201006', 'Av. Oquendo 789', '1987-01-18', 210),
('elena.morales@email.com', '$2y$10$hashC7', 'Elena', 'Morales', '11223007', '70201007', 'Calle Sucre 321', '1993-04-25', 140),
('pedro.jimenez@email.com', '$2y$10$hashC8', 'Pedro', 'Jiménez', '11223008', '70201008', 'Av. San Martín 654', '1986-12-03', 390),
('sofia.vargas@email.com', '$2y$10$hashC9', 'Sofía', 'Vargas', '11223009', '70201009', 'Calle Jordán 987', '1991-08-14', 110),
('fernando.herrera@email.com', '$2y$10$hashC10', 'Fernando', 'Herrera', '11223010', '70201010', 'Av. Pando 147', '1989-06-07', 260),
('patricia.castro@email.com', '$2y$10$hashC11', 'Patricia', 'Castro', '11223011', '70201011', 'Calle Antezana 258', '1994-02-19', 85),
('ricardo.mendoza@email.com', '$2y$10$hashC12', 'Ricardo', 'Mendoza', '11223012', '70201012', 'Av. 6 de Agosto 369', '1983-10-11', 450),
('monica.paredes@email.com', '$2y$10$hashC13', 'Mónica', 'Paredes', '11223013', '70201013', 'Calle Nataniel Aguirre 741', '1996-07-28', 65),
('andres.gutierrez@email.com', '$2y$10$hashC14', 'Andrés', 'Gutiérrez', '11223014', '70201014', 'Av. Beijing 852', '1984-03-16', 340),
('gabriela.ramirez@email.com', '$2y$10$hashC15', 'Gabriela', 'Ramírez', '11223015', '70201015', 'Av. Blanco Galindo 963', '1997-11-22', 55),
('diego.flores@email.com', '$2y$10$hashC16', 'Diego', 'Flores', '11223016', '70201016', 'Av. Circunvalación 159', '1982-08-05', 520),
('valeria.salazar@email.com', '$2y$10$hashC17', 'Valeria', 'Salazar', '11223017', '70201017', 'Av. Petrolera 357', '1998-04-13', 45),
('roberto.ortega@email.com', '$2y$10$hashC18', 'Roberto', 'Ortega', '11223018', '70201018', 'Plaza Colón 468', '1981-12-24', 680),
('carmen.silva@email.com', '$2y$10$hashC19', 'Carmen', 'Silva', '11223019', '70201019', 'Av. Aroma 579', '1999-01-09', 35),
('javier.ruiz@email.com', '$2y$10$hashC20', 'Javier', 'Ruiz', '11223020', '70201020', 'Calle Esteban Arze 681', '1980-09-17', 750),
('isabela.vera@email.com', '$2y$10$hashC21', 'Isabela', 'Vera', '11223021', '70201021', 'Av. Libertador 792', '1993-05-31', 125),
('manuel.cruz@email.com', '$2y$10$hashC22', 'Manuel', 'Cruz', '11223022', '70201022', 'Calle Hamiraya 813', '1987-02-14', 295),
('natalia.pena@email.com', '$2y$10$hashC23', 'Natalia', 'Peña', '11223023', '70201023', 'Av. Tadeo Haenke 924', '1995-10-26', 180),
('antonio.vega@email.com', '$2y$10$hashC24', 'Antonio', 'Vega', '11223024', '70201024', 'Calle Calama 135', '1988-07-08', 415),
('beatriz.leon@email.com', '$2y$10$hashC25', 'Beatriz', 'León', '11223025', '70201025', 'Av. Melchor Pérez 246', '1992-03-20', 90);

-- TABLA: reservas (30 registros)
INSERT INTO reservas (id_cliente, id_barbero_servicio, fecha_hora, duracion_estimada, precio_acordado, estado, notas_cliente) VALUES
(1, 1, '2024-01-15 09:00:00', 30, 25.00, 'completada', 'Corte para evento especial'),
(2, 2, '2024-01-15 10:30:00', 20, 15.00, 'completada', 'Arreglo de barba semanal'),
(3, 4, '2024-01-16 14:00:00', 35, 30.00, 'completada', 'Primer corte en la barbería'),
(4, 5, '2024-01-16 16:30:00', 25, 20.00, 'completada', 'Corte juvenil moderno'),
(5, 7, '2024-01-17 11:00:00', 45, 40.00, 'completada', 'Combo ejecutivo'),
(6, 8, '2024-01-17 15:00:00', 30, 28.00, 'completada', 'Corte para trabajo'),
(7, 10, '2024-01-18 09:30:00', 40, 32.00, 'completada', 'Fade profesional'),
(8, 12, '2024-01-18 13:00:00', 50, 45.00, 'completada', 'Corte artístico único'),
(9, 14, '2024-01-19 10:00:00', 20, 18.00, 'completada', 'Corte express'),
(10, 16, '2024-01-19 16:00:00', 35, 30.00, 'completada', 'Estilo vintage'),
(11, 18, '2024-01-20 08:30:00', 25, 15.00, 'completada', 'Corte para niño'),
(12, 20, '2024-01-20 14:30:00', 45, 55.00, 'completada', 'Servicio VIP'),
(13, 1, '2024-01-22 09:00:00', 30, 25.00, 'confirmada', 'Mantenimiento mensual'),
(14, 3, '2024-01-22 11:30:00', 50, 35.00, 'confirmada', 'Combo completo'),
(15, 6, '2024-01-23 15:00:00', 45, 40.00, 'confirmada', 'Tratamiento especial'),
(16, 9, '2024-01-23 17:00:00', 20, 18.00, 'confirmada', 'Masaje relajante'),
(17, 11, '2024-01-24 10:30:00', 35, 22.00, 'confirmada', 'Arreglo completo barba'),
(18, 13, '2024-01-24 14:00:00', 60, 50.00, 'confirmada', 'Combo premium'),
(19, 15, '2024-01-25 09:30:00', 30, 35.00, 'confirmada', 'Tratamiento anti-caspa'),
(20, 17, '2024-01-25 16:30:00', 25, 20.00, 'pendiente', 'Diseño barba creativo'),
(21, 2, '2024-01-26 11:00:00', 20, 15.00, 'pendiente', 'Mantenimiento barba'),
(22, 4, '2024-01-26 15:30:00', 35, 30.00, 'pendiente', 'Corte moderno actualizado'),
(23, 8, '2024-01-27 08:00:00', 30, 28.00, 'pendiente', 'Preparación reunión'),
(24, 12, '2024-01-27 13:30:00', 50, 45.00, 'pendiente', 'Nuevo diseño artístico'),
(25, 19, '2024-01-28 10:00:00', 45, 55.00, 'pendiente', 'Experiencia VIP completa'),
(1, 5, '2024-01-29 14:00:00', 25, 20.00, 'pendiente', 'Cambio de look'),
(3, 7, '2024-01-29 16:00:00', 45, 40.00, 'pendiente', 'Segundo combo del mes'),
(5, 10, '2024-01-30 09:00:00', 40, 32.00, 'pendiente', 'Fade actualizado'),
(7, 14, '2024-01-30 11:30:00', 20, 18.00, 'pendiente', 'Corte rápido trabajo'),
(9, 18, '2024-01-31 15:00:00', 25, 15.00, 'pendiente', 'Corte hijo mayor');

-- TABLA: promociones (20 registros)
INSERT INTO promociones (id_barberia, nombre, descripcion, descuento_porcentaje, fecha_inicio, fecha_fin, max_usos, usos_actuales) VALUES
(1, 'Descuento Enero', 'Promoción de inicio de año', 15.00, '2024-01-01', '2024-01-31', 100, 25),
(2, 'Combo Especial', 'Descuento en combos completos', 20.00, '2024-01-15', '2024-02-15', 50, 12),
(3, 'Cliente Nuevo', 'Descuento para primeros clientes', 25.00, '2024-01-01', '2024-12-31', 200, 45),
(4, 'Lunes Ejecutivo', 'Descuento los lunes para ejecutivos', 10.00, '2024-01-01', '2024-03-31', 80, 18),
(5, 'Fin de Semana', 'Promoción de fin de semana', 12.00, '2024-01-01', '2024-02-29', 60, 22),
(6, 'Estudiante', 'Descuento para estudiantes', 30.00, '2024-01-01', '2024-06-30', 150, 38),
(7, 'Cumpleañero', 'Descuento del mes de cumpleaños', 50.00, '2024-01-01', '2024-12-31', 300, 75),
(8, 'Familia', 'Descuento familiar 3x2', 33.00, '2024-01-01', '2024-04-30', 40, 8),
(9, 'VIP Premium', 'Descuento para servicios premium', 15.00, '2024-01-01', '2024-05-31', 30, 15),
(10, 'Tercera Edad', 'Descuento para adultos mayores', 40.00, '2024-01-01', '2024-12-31', 100, 28),
(11, 'Referido', 'Descuento por traer amigos', 20.00, '2024-01-01', '2024-06-30', 75, 19),
(12, 'Madrugador', 'Descuento antes de las 10am', 8.00, '2024-01-01', '2024-03-31', 90, 31),
(13, 'San Valentín', 'Promoción especial parejas', 25.00, '2024-02-10', '2024-02-18', 20, 5),
(14, 'Express', 'Descuento en cortes express', 10.00, '2024-01-01', '2024-04-30', 120, 42),
(15, 'Fidelidad', 'Descuento por puntos acumulados', 18.00, '2024-01-01', '2024-12-31', 200, 67),
(16, 'Miércoles Loco', 'Descuento especial miércoles', 22.00, '2024-01-01', '2024-02-29', 35, 11),
(17, 'Barbero Nuevo', 'Descuento con barberos junior', 15.00, '2024-01-01', '2024-05-31', 60, 14),
(18, 'Hora Feliz', 'Descuento de 4-6pm', 12.00, '2024-01-01', '2024-03-31', 85, 29),
(19, 'Corporativo', 'Descuento para empresas', 35.00, '2024-01-01', '2024-12-31', 25, 6),
(20, 'Fin de Año', 'Promoción especial diciembre', 30.00, '2024-12-01', '2024-12-31', 50, 0);

-- TABLA: calificaciones (25 registros)
INSERT INTO calificaciones (id_reserva, puntuacion_servicio, puntuacion_barbero, comentario, fecha_calificacion) VALUES
(1, 5, 5, 'Excelente servicio, muy profesional', '2024-01-15 12:00:00'),
(2, 4, 4, 'Buen trabajo, recomendado', '2024-01-15 13:30:00'),
(3, 5, 5, 'Perfecto, exactamente lo que quería', '2024-01-16 17:00:00'),
(4, 4, 4, 'Muy conforme con el resultado', '2024-01-16 19:00:00'),
(5, 5, 5, 'Servicio excepcional, volveré', '2024-01-17 14:00:00'),
(6, 3, 4, 'Bien pero puede mejorar', '2024-01-17 18:00:00'),
(7, 5, 5, 'Increíble trabajo, muy detallado', '2024-01-18 12:30:00'),
(8, 5, 5, 'Arte puro, quedé impresionado', '2024-01-18 16:00:00'),
(9, 4, 4, 'Rápido y eficiente como prometido', '2024-01-19 13:00:00'),
(10, 5, 5, 'Estilo vintage perfecto', '2024-01-19 19:00:00'),
(11, 4, 5, 'Mi hijo quedó feliz con su corte', '2024-01-20 11:30:00'),
(12, 5, 5, 'Servicio VIP excepcional', '2024-01-20 17:30:00'),
(13, 5, 5, 'Segundo servicio igual de bueno', '2024-01-22 12:00:00'),
(14, 4, 4, 'Combo completo satisfactorio', '2024-01-22 14:30:00'),
(15, 5, 4, 'Tratamiento muy relajante', '2024-01-23 18:00:00'),
(16, 4, 4, 'Masaje excelente para el estrés', '2024-01-23 20:00:00'),
(17, 5, 5, 'Barba perfecta, muy profesional', '2024-01-24 13:30:00'),
(18, 5, 5, 'Vale cada peso del premium', '2024-01-24 17:00:00'),
(19, 4, 4, 'Tratamiento efectivo', '2024-01-25 12:30:00'),
(20, 5, 5, 'Diseño creativo impresionante', '2024-01-25 19:30:00'),
(21, 4, 5, 'Barbero muy amable y hábil', '2024-01-26 14:00:00'),
(22, 5, 4, 'Corte moderno exacto', '2024-01-26 18:30:00'),
(23, 4, 4, 'Preparación perfecta para reunión', '2024-01-27 11:00:00'),
(24, 5, 5, 'Siempre superan expectativas', '2024-01-27 16:30:00'),
(25, 5, 5, 'Experiencia VIP inolvidable', '2024-01-28 13:00:00');

-- Confirmar todas las inserciones
COMMIT;